{
    "opciones": [
        {
            "id": 25,
            "valor": "SEV",
            "texto": "SEVILLA"
        },
        {
            "id": 26,
            "valor": "VAL",
            "texto": "VALENCIA"
        },
        {
            "id": 27,
            "valor": "BAR",
            "texto": "BARCELONA"
        },
        {
            "id": 28,
            "valor": "MAD",
            "texto": "MADRID"
        },
        {
            "id": 29,
            "valor": "ALB",
            "texto": "ALBACETE"
        }
    ]
}