{
    "opciones": [
        {
            "id": 1,
            "valor": "esp",
            "texto": "Español"
        },
        {
            "id": 2,
            "valor": "cat",
            "texto": "Catalán"
        },
        {
            "id": 3,
            "valor": "gal",
            "texto": "Gallego"
        },
        {
            "id": 4,
            "valor": "eus",
            "texto": "Euskera"
        },
        {
            "id": 5,
            "valor": "otro",
            "texto": "Otra"
        }
    ]
}