{
    "opciones": [
        {
            "id": 15,
            "valor": "ESO",
            "texto": "ESO"
        },
        {
            "id": 16,
            "valor": "BACH",
            "texto": "BACHILLERATO"
        },
        {
            "id": 17,
            "valor": "UNIVERSIDAD",
            "texto": "UNIVERSIDAD"
        },
        {
            "id": 18,
            "valor": "MASTER",
            "texto": "MASTER"
        },
        {
            "id": 19,
            "valor": "DOCTORADO",
            "texto": "DOCTORADO"
        }
    ]
}