{
    "opciones": [
        {
            "id": 25,
            "valor": "SEV",
            "texto": "CAMAS",
            "provincia": "SEVILLA"
        },
        {
            "id": 26,
            "valor": "VAL",
            "texto": "DOS HERMANAS",
            "provincia": "SEVILLA"

        },
        {
            "id": 27,
            "valor": "BAR",
            "texto": "JAVEA",
            "provincia": "VALENCIA"

        },
        {
            "id": 28,
            "valor": "MAD",
            "texto": "ALTEA",
            "provincia": "VALENCIA"

        },
        {
            "id": 26,
            "valor": "VAL",
            "texto": "MATARO",
            "provincia": "BARCELONA"

        },
        {
            "id": 27,
            "valor": "BAR",
            "texto": "SABADELL",
            "provincia": "BARCELONA"

        },
        {
            "id": 28,
            "valor": "MAD",
            "texto": "EL ESCORIAL",
            "provincia": "MADRID"

        },
        {
            "id": 26,
            "valor": "VAL",
            "texto": "MOSTOLES",
            "provincia": "MADRID"

        },
        {
            "id": 27,
            "valor": "BAR",
            "texto": "SIRACUSA",
            "provincia": "SICILIA"

        },
        {
            "id": 28,
            "valor": "MAD",
            "texto": "PALERMO",
            "provincia": "SICILIA"

        },
        {
            "id": 26,
            "valor": "VAL",
            "texto": "MILAN",
            "provincia": "LOMBARDIA"

        },
        {
            "id": 27,
            "valor": "BAR",
            "texto": "PIAMONTE",
            "provincia": "LOMBARDIA"

        },
        {
            "id": 28,
            "valor": "MAD",
            "texto": "VENECIA",
            "provincia": "VENETO"

        },
        {
            "id": 26,
            "valor": "VAL",
            "texto": "VERONA",
            "provincia": "VENETO"

        },
        {
            "id": 27,
            "valor": "BAR",
            "texto": "MUNICH",
            "provincia": "BAVIERA"

        },
        {
            "id": 28,
            "valor": "MAD",
            "texto": "NUREMBERG",
            "provincia": "BAVIERA"

        },
        {
            "id": 26,
            "valor": "VAL",
            "texto": "FRANKFURT",
            "provincia": "RIN"

        },
        {
            "id": 27,
            "valor": "BAR",
            "texto": "HAMBURGO",
            "provincia": "RIN"

        },
        {
            "id": 28,
            "valor": "MAD",
            "texto": "DRESDE",
            "provincia": "SAJONIA"

        },
        {
            "id": 26,
            "valor": "VAL",
            "texto": "LEIPZIG",
            "provincia": "SAJONIA"

        },
        {
            "id": 27,
            "valor": "BAR",
            "texto": "CARCASONNE",
            "provincia": "OCCITANIA"

        },
        {
            "id": 28,
            "valor": "MAD",
            "texto": "TOULOUSSE",
            "provincia": "OCCITANIA"

        },
        {
            "id": 26,
            "valor": "VAL",
            "texto": "BOURDEOUS",
            "provincia": "AQUITANIA"

        },
        {
            "id": 27,
            "valor": "BAR",
            "texto": "BAYONNA",
            "provincia": "AQUITANIA"

        },
        {
            "id": 28,
            "valor": "MAD",
            "texto": "BASTIA",
            "provincia": "CORCEGA"

        },
        {
            "id": 26,
            "valor": "VAL",
            "texto": "CORTE",
            "provincia": "CORCEGA"
        }

    ]
}