{
    "opciones": [
        {
            "id": 41,
            "valor": "fon",
            "texto": "Fontanero"
        },
        {
            "id": 42,
            "valor": "med",
            "texto": "Medico"
        },
        {
            "id": 43,
            "valor": "abo",
            "texto": "Abogado"
        },
        {
            "id": 44,
            "valor": "dent",
            "texto": "Dentista"
        },
        {
            "id": 45,
            "valor": "Ele",
            "texto": "Electricista"
        }
    ]
}