{
    "opciones": [
        {
            "id": 25,
            "valor": "SEV",
            "texto": "SEVILLA",
            "pais": "ESPAÑA"
        },
        {
            "id": 26,
            "valor": "VAL",
            "texto": "VALENCIA",
            "pais": "ESPAÑA"
        },
        {
            "id": 27,
            "valor": "BAR",
            "texto": "BARCELONA",
            "pais": "ESPAÑA"
        },
        {
            "id": 28,
            "valor": "MAD",
            "texto": "MADRID",
            "pais": "ESPAÑA"
        },
        {
            "id": 26,
            "valor": "xxx",
            "texto": "SICILIA",
            "pais": "ITALIA"
        },
        {
            "id": 27,
            "valor": "BAR",
            "texto": "LOMBARDIA",
            "pais": "ITALIA"
        },
        {
            "id": 28,
            "valor": "MAD",
            "texto": "VENETO",
            "pais": "ITALIA"
        },
        {
            "id": 26,
            "valor": "xx",
            "texto": "BAVIERA",
            "pais": "ALEMANIA"
        },
        {
            "id": 27,
            "valor": "BAR",
            "texto": "RIN",
            "pais": "ALEMANIA"
        },
        {
            "id": 28,
            "valor": "MAD",
            "texto": "SAJONIA",
            "pais": "ALEMANIA"
        },
        {
            "id": 26,
            "valor": "VAL",
            "texto": "OCCITANIA",
            "pais": "FRANCIA"
        },
        {
            "id": 27,
            "valor": "BAR",
            "texto": "AQUITANIA",
            "pais": "FRANCIA"
        },
        {
            "id": 28,
            "valor": "MAD",
            "texto": "CORCEGA",
            "pais": "FRANCIA"
        }
    ]
}